https://encrypted-tbn0.gstatic.com/images?q=tbn:ANd9GcQ_rV9f-XaPKMoDoOiYhzqsBbU9_dfbilDRIg&usqp=CAU;
https://encrypted-tbn0.gstatic.com/images?q=tbn:ANd9GcRSKkyVvynLVYXW-sSwc210OCsWzRv9gjXjPA&usqp=CAU;
https://encrypted-tbn0.gstatic.com/images?q=tbn:ANd9GcQFWvvAGKuU0S1kfA1hVQk3Rnrn5PrtsK-ecg&usqp=CAU;
https://encrypted-tbn0.gstatic.com/images?q=tbn:ANd9GcTXh3iR5xhcJOcVel9jgdP2M4Nzb_CdTSa9Iw&usqp=CAU;
https://encrypted-tbn0.gstatic.com/images?q=tbn:ANd9GcREzP_vLIQgxmKPcM4MQX8o39B4mqlPrmVnSw&usqp=CAU;
https://encrypted-tbn0.gstatic.com/images?q=tbn:ANd9GcTJp6CDq3feC_knSgu4ROQd4_G_SBo78ovokw&usqp=CAU;
https://encrypted-tbn0.gstatic.com/images?q=tbn:ANd9GcQQdzYBZjjXb49IvCbB0TrhY9Dv_EJ81f1mqA&usqp=CAU;
https://encrypted-tbn0.gstatic.com/images?q=tbn:ANd9GcTahTpDiYHkqwPK6ndy2uWgLuIizfzu7CaouA&usqp=CAU;
https://encrypted-tbn0.gstatic.com/images?q=tbn:ANd9GcR_FbOgxMNjxckNcsk1JWoxEPrRcbBMvFsr8A&usqp=CAU;
https://encrypted-tbn0.gstatic.com/images?q=tbn:ANd9GcSoEpEIoQkKZL5P0imvUhL_e-ijpyOILL67DQ&usqp=CAU;
https://encrypted-tbn0.gstatic.com/images?q=tbn:ANd9GcTXsUOQduQnWOh_UHhb9l-B2YfNpGu7N0dKAw&usqp=CAU;
https://encrypted-tbn0.gstatic.com/images?q=tbn:ANd9GcR8czvaYY9mNqFGOCJ0PlktoGL8vDNLOrP99w&usqp=CAU;
https://encrypted-tbn0.gstatic.com/images?q=tbn:ANd9GcR8t03rtEUFmko1WyQyt00whrpb-46hRLEvIw&usqp=CAU;
https://encrypted-tbn0.gstatic.com/images?q=tbn:ANd9GcTLn5IQO1JusDLU2ni4XgKRN48Vx_NcpFJ-7Q&usqp=CAU;
https://encrypted-tbn0.gstatic.com/images?q=tbn:ANd9GcR_rpjqilIKbKWOykUG9gMq6KAqMx66-1_vVg&usqp=CAU;
https://encrypted-tbn0.gstatic.com/images?q=tbn:ANd9GcQTrS_tr2hPaywnrWcH4T5lPyegtONy4BzHhA&usqp=CAU;
https://encrypted-tbn0.gstatic.com/images?q=tbn:ANd9GcQMoxFTTEiuaLxYrVZ86YisCKh9A4H1YE_rig&usqp=CAU;
https://encrypted-tbn0.gstatic.com/images?q=tbn:ANd9GcQkJvNox7JREgkbq3fvfhFx9I9gUHJ55T3YqQ&usqp=CAU;
https://encrypted-tbn0.gstatic.com/images?q=tbn:ANd9GcSWyA6VgGfcrO-2lBL4LR4rSgnS6pA-rNoj8A&usqp=CAU;
https://encrypted-tbn0.gstatic.com/images?q=tbn:ANd9GcS8G0UYig2ffYyJTfEqo9OLuEUY4uCLBjietA&usqp=CAU;
https://encrypted-tbn0.gstatic.com/images?q=tbn:ANd9GcRJU0Vb4Xnv5mipw-x0lmnUOpHzmRzIgdeBhA&usqp=CAU;
https://encrypted-tbn0.gstatic.com/images?q=tbn:ANd9GcTzmCP5EzgKWERsB2nRxQprxi-BbWgq5OkU5Q&usqp=CAU;
https://encrypted-tbn0.gstatic.com/images?q=tbn:ANd9GcSCJ7duoofZrH6KLHJNBHjM7FpE1HpCGTAOOQ&usqp=CAU;
https://encrypted-tbn0.gstatic.com/images?q=tbn:ANd9GcTPyPnpygFcZwDs-zM5pE9GoylcMeAU2_kkGA&usqp=CAU;
https://encrypted-tbn0.gstatic.com/images?q=tbn:ANd9GcSsnR1rjAGZfbe201-2RNtSpU3eTjHTUXy0Ng&usqp=CAU;
https://encrypted-tbn0.gstatic.com/images?q=tbn:ANd9GcTp8r2KR5g7tWoPnhYLFUkfOavB07vrUL1aDw&usqp=CAU;
https://encrypted-tbn0.gstatic.com/images?q=tbn:ANd9GcRYDmtU1AQh06DAX3hUED_BpfviFW_fz2ll3w&usqp=CAU;
https://encrypted-tbn0.gstatic.com/images?q=tbn:ANd9GcRWhsWV3YTbyFYu95ccLj8PTIzxrnWaQ4Vraw&usqp=CAU;
https://encrypted-tbn0.gstatic.com/images?q=tbn:ANd9GcQdpVFZysjCFCC0vs033rhN03_ZvZ32_xW6Iw&usqp=CAU;
https://encrypted-tbn0.gstatic.com/images?q=tbn:ANd9GcRba5_9-_H4YKzLJxAVMcEPm72YO1QnV-juIg&usqp=CAU;
https://encrypted-tbn0.gstatic.com/images?q=tbn:ANd9GcTqjXDmOwN3fina4iLGfMw8QVinaidQxXmmIA&usqp=CAU;
https://encrypted-tbn0.gstatic.com/images?q=tbn:ANd9GcTbxRDr89qinKZCqOOhgriajzKELkJ83F960w&usqp=CAU;
https://encrypted-tbn0.gstatic.com/images?q=tbn:ANd9GcTdo-eOGvpo2hRaIx-LHHdVh9XPl_pESe-7Eg&usqp=CAU;
https://encrypted-tbn0.gstatic.com/images?q=tbn:ANd9GcREgyeUFTR1HGkVaLxZEFrg9lxnHwwqYH4Qyw&usqp=CAU;
https://encrypted-tbn0.gstatic.com/images?q=tbn:ANd9GcQAbNZr4yfN5znOTKdDGzeAc0NUA-xLhTyv0g&usqp=CAU;
https://encrypted-tbn0.gstatic.com/images?q=tbn:ANd9GcTFuK3YC7_0AcEDyS-J7OHxwmBslSsSn6vHcA&usqp=CAU;
https://encrypted-tbn0.gstatic.com/images?q=tbn:ANd9GcRgeX4UDuUjwh_M4u132cw2pJKbBf4mpSSNhQ&usqp=CAU;
https://encrypted-tbn0.gstatic.com/images?q=tbn:ANd9GcSVvkE7QqQYwGid3ktxYc5JjAwBiUlK3_V7Ng&usqp=CAU;
https://encrypted-tbn0.gstatic.com/images?q=tbn:ANd9GcSNvG0aXMXgV1VKoTX0zsvQjUYnYHaeHRkpVQ&usqp=CAU;
https://encrypted-tbn0.gstatic.com/images?q=tbn:ANd9GcSzLHd8voi2xLxRpnd_Ca76QUTb_VAuZoqwaA&usqp=CAU;
https://encrypted-tbn0.gstatic.com/images?q=tbn:ANd9GcRKHZPG7kNdu9HuprsuGZOe6VKTfggwKaayNg&usqp=CAU;
https://encrypted-tbn0.gstatic.com/images?q=tbn:ANd9GcQJdpqQRdClVtUDliW9UbhCVggAQG57FwYncQ&usqp=CAU;
https://encrypted-tbn0.gstatic.com/images?q=tbn:ANd9GcTdYLkApRG2lzEZqEzs1kgh-2RZQmA-oc_4EQ&usqp=CAU;
https://encrypted-tbn0.gstatic.com/images?q=tbn:ANd9GcRuVToCOjEOBwgSd6cIrcS3XVpifYVJFqwT_w&usqp=CAU;
https://encrypted-tbn0.gstatic.com/images?q=tbn:ANd9GcS5xslycxuQmFCUyQSU8jD74pExUFPDenrrBQ&usqp=CAU;
https://encrypted-tbn0.gstatic.com/images?q=tbn:ANd9GcQgqri-x9GqDN_lnneb1UWjW9OjOJe557kBwQ&usqp=CAU;
https://encrypted-tbn0.gstatic.com/images?q=tbn:ANd9GcS05o_-Yf76fevw9hD4EwbygJh3ckJFW4mv_Q&usqp=CAU;
https://encrypted-tbn0.gstatic.com/images?q=tbn:ANd9GcQKkq5q1yTxl6Z0Hq1T3DmY-NvhTXsPS19dAg&usqp=CAU;
https://encrypted-tbn0.gstatic.com/images?q=tbn:ANd9GcR8IuubF5mZ85cLBU764Ux-wWuC1F5NLlTsmg&usqp=CAU;
https://encrypted-tbn0.gstatic.com/images?q=tbn:ANd9GcRVr5Zew4lwQBu3LZbAAG4S5WVc8TEhONmn1A&usqp=CAU;
https://encrypted-tbn0.gstatic.com/images?q=tbn:ANd9GcTnH6hD1UMGjN0ZO2w0JgRIBkU-st_fIErAaQ&usqp=CAU;
https://encrypted-tbn0.gstatic.com/images?q=tbn:ANd9GcS3YKp9URcbkSG-ATYRzUw8lveKraC9ZRs6Ng&usqp=CAU;
https://encrypted-tbn0.gstatic.com/images?q=tbn:ANd9GcSdP-RvIXuNmJPzT91CurKd2WmEB62uUHn3qQ&usqp=CAU;
https://encrypted-tbn0.gstatic.com/images?q=tbn:ANd9GcT8stR722VQ4bjW9JmhafimE9E8X6wrhYbuHg&usqp=CAU;
https://encrypted-tbn0.gstatic.com/images?q=tbn:ANd9GcSjUn-4NNuW1MAf477wImXAgGf3o3_sbqtr9g&usqp=CAU;
https://encrypted-tbn0.gstatic.com/images?q=tbn:ANd9GcTVpXgHWGnNwxZrLoawNkoGoBykKm33P59XcA&usqp=CAU;
https://encrypted-tbn0.gstatic.com/images?q=tbn:ANd9GcSXhABVHbqDpykoLT7jGd6KZOPL5tKY6jyqCA&usqp=CAU;
https://encrypted-tbn0.gstatic.com/images?q=tbn:ANd9GcRL_otdD2g_PsQl9GYqCdLy0Dc9X6xQn5syrg&usqp=CAU;
https://encrypted-tbn0.gstatic.com/images?q=tbn:ANd9GcSJfKngOojz-0voa9KNCUM0H6dDTqrVlNx8zA&usqp=CAU;
https://encrypted-tbn0.gstatic.com/images?q=tbn:ANd9GcTTB48ocNzxKkoG_vypn5SoszKIWirSAAW1fQ&usqp=CAU;
https://encrypted-tbn0.gstatic.com/images?q=tbn:ANd9GcTYCfwyqVv7kNwgYHNsRyXIA9Tvnlv7u4SZvQ&usqp=CAU;
https://encrypted-tbn0.gstatic.com/images?q=tbn:ANd9GcSQAo-GCBpwptaiiZG5HmAfWW8Ndt71YU76TQ&usqp=CAU;
https://encrypted-tbn0.gstatic.com/images?q=tbn:ANd9GcRf3r_97D35kx8v1n9Zf4stf-QBlY0GZ3xSbA&usqp=CAU;
https://encrypted-tbn0.gstatic.com/images?q=tbn:ANd9GcTl6h8qOrOt9hW-khBmLeDwXiGBpW1Wt449mw&usqp=CAU;
https://encrypted-tbn0.gstatic.com/images?q=tbn:ANd9GcRXzkN8nBJ44abgFj9lXv_SFWm8BPBk-W-IeA&usqp=CAU;
https://encrypted-tbn0.gstatic.com/images?q=tbn:ANd9GcS6uw2F8009RyHQbcCo-RneQJErx0uuNmldWg&usqp=CAU;
https://encrypted-tbn0.gstatic.com/images?q=tbn:ANd9GcTaLseQkzVuJ5Zu6q629wZn-BTeCJnMINg0kQ&usqp=CAU;
https://encrypted-tbn0.gstatic.com/images?q=tbn:ANd9GcQ6WW6UKa81LDJapMqnk31pp2mSckOfV7UO8g&usqp=CAU;
https://encrypted-tbn0.gstatic.com/images?q=tbn:ANd9GcRnXZ4gUcB9vbAGzl3GkkJhhsBGrzrv8aOkww&usqp=CAU;
https://encrypted-tbn0.gstatic.com/images?q=tbn:ANd9GcQnCSdRx0yuQcW6bZvYpVmvRbeRiWtXdbZj_Q&usqp=CAU;
https://encrypted-tbn0.gstatic.com/images?q=tbn:ANd9GcRjb-lKx4PFhlJY94Ggf2VkGYunQfN26p8KlA&usqp=CAU;
https://encrypted-tbn0.gstatic.com/images?q=tbn:ANd9GcSLBX0TDb_XBgE3Nidi4uVLgDQ7R6Z7UyQamQ&usqp=CAU;
https://encrypted-tbn0.gstatic.com/images?q=tbn:ANd9GcRaBwNUlCMnnIFRk4RL1ELhA9-iPPACxjNKNg&usqp=CAU;
https://encrypted-tbn0.gstatic.com/images?q=tbn:ANd9GcQH1VOPbxsi5MegzAa1F6lskKUZKZsZJsWKhg&usqp=CAU;
https://encrypted-tbn0.gstatic.com/images?q=tbn:ANd9GcTog1z1CoVboy-yIccCN8hspzUFlS3MxoWTlA&usqp=CAU;
https://encrypted-tbn0.gstatic.com/images?q=tbn:ANd9GcRTlUpDSKLtje6z_beXYJDC9n39Ezq1G6b6-A&usqp=CAU;
https://encrypted-tbn0.gstatic.com/images?q=tbn:ANd9GcTJd8iwbjv096-caXMbbZkXN2SYWsD2g__Jzw&usqp=CAU;
https://encrypted-tbn0.gstatic.com/images?q=tbn:ANd9GcSQvNoFiueMq1f2xqwJTtWgz85I27vZ8l8cvw&usqp=CAU;
https://encrypted-tbn0.gstatic.com/images?q=tbn:ANd9GcRs7n7B_MPFFb3tftK8zrVxnfZtgZZSVogNxQ&usqp=CAU;
https://encrypted-tbn0.gstatic.com/images?q=tbn:ANd9GcQQU36rV6cUn4oPeNU7pZ6z4N7W2AmRy6xUaA&usqp=CAU;
https://encrypted-tbn0.gstatic.com/images?q=tbn:ANd9GcRcQ_2V9AHm8y7fvgHIg5ew3ZPkTfZJtUEKetuCjQgZjVJ93anYpLibC8hj4QnXdTW-P9M&usqp=CAU;
https://encrypted-tbn0.gstatic.com/images?q=tbn:ANd9GcR3MHEdoVkHUKrTgExcSHCMT0ER64r3FYJ-v8zfwl0rZ02bSckac-7vjBx6VZ8CW4k3z-U&usqp=CAU;
https://encrypted-tbn0.gstatic.com/images?q=tbn:ANd9GcS9nM24SkyzZowovs7Nksl6d-quLMSnknH1RtaZ349QnA8P0RI4zDTuW6Ww7E19U2Y8BwE&usqp=CAU;
https://encrypted-tbn0.gstatic.com/images?q=tbn:ANd9GcSoFMO6xnKHK2r4zjler31waNbMOHpTNwO7sGV11ix7dddHCYbSVpcVRdv3s5dxZvMc7zY&usqp=CAU;
https://encrypted-tbn0.gstatic.com/images?q=tbn:ANd9GcTpgUbmd_QT7-baPcF4cp3pum9sf0Tz44uBULdsm9eM4qy0AkSKpEfA6EUEr674NgGLKVk&usqp=CAU;
https://encrypted-tbn0.gstatic.com/images?q=tbn:ANd9GcSFcwTPONBAaaK_Ih8Dh4poK1HawN3MnFjd13sjAUR4mCQHQrC6VLuHlHuUnicglGblfJI&usqp=CAU;
https://encrypted-tbn0.gstatic.com/images?q=tbn:ANd9GcSGJ_6znL5-1-bmXYwOhmgTt7cbI5GveNEZaOCMRrW7KQwVzdW7lL0Xi11E4BVVfMMhT_8&usqp=CAU;
https://encrypted-tbn0.gstatic.com/images?q=tbn:ANd9GcTH4OfQh_Duo05fTlUI6ePwT-Wqlz3NPvcZTJIBHjYaZKqiXvvY_L1Tp5z1jUQyKeMHINg&usqp=CAU;
https://encrypted-tbn0.gstatic.com/images?q=tbn:ANd9GcR0UBAx8Sr0hZWadQlJ2LtXT5UUn2YkQSTW--4YGf5I7UD8hhcUPVHAmFxiQNxSFvkdUEk&usqp=CAU;
https://encrypted-tbn0.gstatic.com/images?q=tbn:ANd9GcRNs5MBLfzTkGCvNxA2-uJJXFJJlJlBku23CRNwrOWOk0vJUfcgftudhuIYODfuc_cN83E&usqp=CAU;
https://encrypted-tbn0.gstatic.com/images?q=tbn:ANd9GcRJLG7Ijgk2tV-G2qjwJp8tz7VyuWckfnixmt7YyzH8R4-DkoJMKeWuQ9SY_e6T-qqiFts&usqp=CAU;
https://encrypted-tbn0.gstatic.com/images?q=tbn:ANd9GcTW-Ih8KNE3Ks6upY8BZ8eosMTnSe9pMis5zgSFtwHFjga26Ce8Vrs-PEOA5rKP7y8E4s0&usqp=CAU;
https://encrypted-tbn0.gstatic.com/images?q=tbn:ANd9GcSRSzBqVfBSg24T5RlkxTWUVlM3r2wBhQMfQt3QHPpGU6X_Ktcagali2gxeFZAUL4My54Y&usqp=CAU;
https://encrypted-tbn0.gstatic.com/images?q=tbn:ANd9GcTlFVXk91DcvLKoQROBfNoZgbZw558Lbm5fZzEBHtLXNL5eH6524a9joBot3RPr52k43JA&usqp=CAU;
https://encrypted-tbn0.gstatic.com/images?q=tbn:ANd9GcR6cpjN2-Y-norPrekUxOX6zDZ3vVyyIdbVACHv4fMuDi7taQ6ArJMCLRW_z2uksKzsLCk&usqp=CAU;
https://encrypted-tbn0.gstatic.com/images?q=tbn:ANd9GcQXN-HSfzeSajqP_1NTwsMLpWO8OMHgBe7h3hW_x2ayz3_nDk-FJEfbB_AJUVRSC6nl88M&usqp=CAU;
https://encrypted-tbn0.gstatic.com/images?q=tbn:ANd9GcSgjwfujeUBAGm-6vP-oRKAySOLLQcKrrNMIZZsJu1xSYZqj9Hf3crPFZ3Pd3IfxhSPONU&usqp=CAU;
https://encrypted-tbn0.gstatic.com/images?q=tbn:ANd9GcQ_h5xcUHQfaonspuyAAWBOlw4uBT_HSaSUUJChV9du3lan5rCrq6vY7Y19p0l7MgYuET8&usqp=CAU;
https://encrypted-tbn0.gstatic.com/images?q=tbn:ANd9GcSXSZ7t99xHy4IAP8r998XNblQqIIC37sMKIeBxWxicjrPVePTQFODDQDV5wdN6foBW51o&usqp=CAU;
https://encrypted-tbn0.gstatic.com/images?q=tbn:ANd9GcTG7W4dl1-VJbVMnrBjJ2nr90YxABw7eMtGinkHS4A9EdHXo1Id4n327yjdmgQ2c7BzoSY&usqp=CAU;